snippet_filename,species_id,recording_id
006ab765f_sp23_1.wav,23,006ab765f
007f87ba2_sp12_2.wav,12,007f87ba2
0099c367b_sp17_3.wav,17,0099c367b
009b760e6_sp10_4.wav,10,009b760e6
00b404881_sp8_5.wav,8,00b404881
015113cad_sp15_8.wav,15,015113cad
01b41f92b_sp6_10.wav,6,01b41f92b
0201197ec_sp10_11.wav,10,0201197ec
0209f7ab2_sp7_12.wav,7,0209f7ab2
0275e127d_sp11_14.wav,11,0275e127d
0295e3234_sp11_15.wav,11,0295e3234
02b9a8ab9_sp12_17.wav,12,02b9a8ab9
0313e82cf_sp16_18.wav,16,0313e82cf
03b96f209_sp16_19.wav,16,03b96f209
03b96f209_sp16_20.wav,16,03b96f209
04975ecd8_sp19_23.wav,19,04975ecd8
04d6b1fc1_sp17_24.wav,17,04d6b1fc1
04e70a8e3_sp7_25.wav,7,04e70a8e3
0509303a5_sp6_26.wav,6,0509303a5
053aeb7bd_sp23_28.wav,23,053aeb7bd
053aeb7bd_sp23_29.wav,23,053aeb7bd
055d22517_sp10_31.wav,10,055d22517
057802c25_sp11_32.wav,11,057802c25
05b9c974c_sp2_33.wav,2,05b9c974c
05f8c0f2f_sp4_34.wav,4,05f8c0f2f
068f1b8e2_sp12_36.wav,12,068f1b8e2
073e4d908_sp12_39.wav,12,073e4d908
078788674_sp15_40.wav,15,078788674
07d1687e0_sp8_41.wav,8,07d1687e0
07dcf40f7_sp10_42.wav,10,07dcf40f7
08db743d0_sp16_44.wav,16,08db743d0
090ae427d_sp7_45.wav,7,090ae427d
09315d9bf_sp22_46.wav,22,09315d9bf
0968aea09_sp12_47.wav,12,0968aea09
09a946316_sp23_48.wav,23,09a946316
0a350d11c_sp19_49.wav,19,0a350d11c
0a9cdd8a5_sp7_50.wav,7,0a9cdd8a5
0ab6aa734_sp9_51.wav,9,0ab6aa734
0b2fa3f80_sp12_52.wav,12,0b2fa3f80
0b3ef9c4e_sp6_53.wav,6,0b3ef9c4e
0c2124550_sp21_54.wav,21,0c2124550
0c448e77c_sp17_55.wav,17,0c448e77c
0c48ed342_sp17_56.wav,17,0c48ed342
0c936a1d4_sp17_57.wav,17,0c936a1d4
0e034f968_sp2_60.wav,2,0e034f968
0e29d05ed_sp15_61.wav,15,0e29d05ed
0e2e4ac19_sp2_62.wav,2,0e2e4ac19
0f99800b7_sp11_67.wav,11,0f99800b7
100e4ddc9_sp2_69.wav,2,100e4ddc9
103db6411_sp20_70.wav,20,103db6411
119b154cc_sp15_72.wav,15,119b154cc
11bafff5d_sp23_74.wav,23,11bafff5d
11c2c02e5_sp15_75.wav,15,11c2c02e5
11c2c02e5_sp15_76.wav,15,11c2c02e5
1263c23c8_sp17_77.wav,17,1263c23c8
12a12f0fa_sp8_78.wav,8,12a12f0fa
12ec1d4cb_sp9_79.wav,9,12ec1d4cb
1375a05d1_sp21_82.wav,21,1375a05d1
1383208d3_sp10_83.wav,10,1383208d3
13de5cabb_sp11_85.wav,11,13de5cabb
147b41b13_sp7_89.wav,7,147b41b13
14d467153_sp8_91.wav,8,14d467153
1535d0c9b_sp9_96.wav,9,1535d0c9b
1545e29b3_sp19_97.wav,19,1545e29b3
158c5acb6_sp16_100.wav,16,158c5acb6
160add406_sp23_102.wav,23,160add406
160add406_sp23_103.wav,23,160add406
160b70831_sp2_104.wav,2,160b70831
16553d5cd_sp23_106.wav,23,16553d5cd
16553d5cd_sp23_107.wav,23,16553d5cd
1702d35a0_sp22_112.wav,22,1702d35a0
178b835e3_sp20_113.wav,20,178b835e3
178b835e3_sp16_114.wav,16,178b835e3
178b835e3_sp16_115.wav,16,178b835e3
1795728ba_sp5_116.wav,5,1795728ba
17ca62c97_sp4_117.wav,4,17ca62c97
17ca96791_sp16_118.wav,16,17ca96791
180ba3012_sp6_119.wav,6,180ba3012
184322f0e_sp22_120.wav,22,184322f0e
1856bb5c2_sp22_121.wav,22,1856bb5c2
18c47b7f2_sp8_122.wav,8,18c47b7f2
18df43462_sp5_123.wav,5,18df43462
18e249f36_sp7_124.wav,7,18e249f36
19442bf58_sp12_125.wav,12,19442bf58
195e5ba43_sp19_126.wav,19,195e5ba43
19dfeda02_sp6_127.wav,6,19dfeda02
1a3993962_sp16_128.wav,16,1a3993962
1a5fb3223_sp7_129.wav,7,1a5fb3223
1aa00dc63_sp23_130.wav,23,1aa00dc63
1aa00dc63_sp12_131.wav,12,1aa00dc63
1bc8c196e_sp22_135.wav,22,1bc8c196e
1bd29a4bb_sp10_136.wav,10,1bd29a4bb
1c46aa776_sp6_137.wav,6,1c46aa776
1ca8c8af6_sp12_138.wav,12,1ca8c8af6
1d6371ff5_sp6_139.wav,6,1d6371ff5
1d76cb226_sp21_140.wav,21,1d76cb226
1d949c49d_sp15_141.wav,15,1d949c49d
1e05620be_sp12_142.wav,12,1e05620be
1e0e340e1_sp6_143.wav,6,1e0e340e1
1e469c124_sp15_144.wav,15,1e469c124
1eb2a9113_sp7_145.wav,7,1eb2a9113
1ef3e2282_sp16_146.wav,16,1ef3e2282
1f0fe1c7e_sp22_147.wav,22,1f0fe1c7e
1f2260885_sp11_148.wav,11,1f2260885
1f5dd26db_sp8_149.wav,8,1f5dd26db
1fb94ae60_sp2_151.wav,2,1fb94ae60
1fbc39373_sp16_152.wav,16,1fbc39373
1fd650183_sp4_153.wav,4,1fd650183
200656f13_sp23_155.wav,23,200656f13
2026bced7_sp12_156.wav,12,2026bced7
20801bb7d_sp4_157.wav,4,20801bb7d
20be88a43_sp6_158.wav,6,20be88a43
20de9e491_sp15_159.wav,15,20de9e491
2105bda77_sp11_160.wav,11,2105bda77
215bb7a8d_sp11_161.wav,11,215bb7a8d
21c9f1ba3_sp8_162.wav,8,21c9f1ba3
21e2f2977_sp15_163.wav,15,21e2f2977
21e2f2977_sp15_164.wav,15,21e2f2977
22050fe3f_sp19_165.wav,19,22050fe3f
226ce47d9_sp23_166.wav,23,226ce47d9
22b46c334_sp8_168.wav,8,22b46c334
22bfc5978_sp5_169.wav,5,22bfc5978
22eaad9ca_sp22_171.wav,22,22eaad9ca
23363116f_sp23_174.wav,23,23363116f
2337c4af2_sp22_175.wav,22,2337c4af2
2393b59e0_sp23_176.wav,23,2393b59e0
23adb9473_sp20_177.wav,20,23adb9473
247aeccaf_sp9_178.wav,9,247aeccaf
251569711_sp4_181.wav,4,251569711
25218b040_sp8_183.wav,8,25218b040
25c229018_sp6_184.wav,6,25c229018
266e8b635_sp6_186.wav,6,266e8b635
2695a2878_sp23_187.wav,23,2695a2878
2717a930e_sp8_188.wav,8,2717a930e
275a0fc0c_sp15_189.wav,15,275a0fc0c
27b26fe5d_sp19_190.wav,19,27b26fe5d
27c146a88_sp17_191.wav,17,27c146a88
27c78408d_sp19_192.wav,19,27c78408d
287bf77ec_sp2_194.wav,2,287bf77ec
287bf77ec_sp2_195.wav,2,287bf77ec
28d37d1de_sp22_197.wav,22,28d37d1de
28fd95f7f_sp11_198.wav,11,28fd95f7f
295f49a04_sp10_200.wav,10,295f49a04
29b82a129_sp19_201.wav,19,29b82a129
2a69408f6_sp5_204.wav,5,2a69408f6
2a7ed55d4_sp5_205.wav,5,2a7ed55d4
2a94d4b86_sp23_206.wav,23,2a94d4b86
2b9c8d234_sp8_207.wav,8,2b9c8d234
2bb539997_sp7_208.wav,7,2bb539997
2bcddf9a5_sp5_210.wav,5,2bcddf9a5
2bf32cf03_sp8_211.wav,8,2bf32cf03
2c2127b9e_sp5_212.wav,5,2c2127b9e
2c6ba715f_sp21_213.wav,21,2c6ba715f
2c97a8020_sp17_214.wav,17,2c97a8020
2cd094d21_sp12_215.wav,12,2cd094d21
2cd09cfab_sp11_216.wav,11,2cd09cfab
2ce34e1b6_sp16_217.wav,16,2ce34e1b6
2d09eb065_sp19_219.wav,19,2d09eb065
2d09eb065_sp15_220.wav,15,2d09eb065
2d50db2b1_sp11_221.wav,11,2d50db2b1
2dacf9479_sp21_222.wav,21,2dacf9479
2dc763e67_sp2_223.wav,2,2dc763e67
2dc763e67_sp2_224.wav,2,2dc763e67
2dc763e67_sp2_225.wav,2,2dc763e67
2e40b2294_sp0_227.wav,0,2e40b2294
2e698aba5_sp23_229.wav,23,2e698aba5
2e7bc0749_sp22_230.wav,22,2e7bc0749
2eb098e76_sp2_232.wav,2,2eb098e76
2eb098e76_sp2_233.wav,2,2eb098e76
2ed5af143_sp4_235.wav,4,2ed5af143
2ef429016_sp4_236.wav,4,2ef429016
2f40810b2_sp16_237.wav,16,2f40810b2
2f594b20f_sp15_238.wav,15,2f594b20f
2fc2eca0c_sp9_239.wav,9,2fc2eca0c
2febbdfc5_sp15_240.wav,15,2febbdfc5
2ffaa6c02_sp15_241.wav,15,2ffaa6c02
304b4b5fd_sp21_243.wav,21,304b4b5fd
3051fc9d0_sp15_244.wav,15,3051fc9d0
306f98294_sp19_246.wav,19,306f98294
31259d9d5_sp0_248.wav,0,31259d9d5
321c09a90_sp20_249.wav,20,321c09a90
3296a3827_sp6_251.wav,6,3296a3827
3346f84ee_sp11_252.wav,11,3346f84ee
33d0f2685_sp16_253.wav,16,33d0f2685
33d0f2685_sp16_254.wav,16,33d0f2685
340c7f964_sp15_255.wav,15,340c7f964
34340b225_sp23_256.wav,23,34340b225
34340b225_sp5_257.wav,5,34340b225
3458e20b8_sp10_258.wav,10,3458e20b8
349095631_sp9_260.wav,9,349095631
3508bf762_sp22_261.wav,22,3508bf762
3513db2b8_sp21_262.wav,21,3513db2b8
352bc8d36_sp21_264.wav,21,352bc8d36
35675af70_sp23_265.wav,23,35675af70
35844fa7f_sp6_267.wav,6,35844fa7f
35a7c2277_sp22_268.wav,22,35a7c2277
35f9c5c38_sp5_270.wav,5,35f9c5c38
3647cd276_sp15_271.wav,15,3647cd276
364e9b5e7_sp16_272.wav,16,364e9b5e7
3710abba6_sp0_274.wav,0,3710abba6
373f470c4_sp11_275.wav,11,373f470c4
377e04f82_sp11_277.wav,11,377e04f82
37b6d1db9_sp23_278.wav,23,37b6d1db9
37d16f30f_sp10_279.wav,10,37d16f30f
3853bba8e_sp9_280.wav,9,3853bba8e
398e818ec_sp11_281.wav,11,398e818ec
399e17911_sp4_282.wav,4,399e17911
39aa6482e_sp4_283.wav,4,39aa6482e
39c15e092_sp10_284.wav,10,39c15e092
3a1293df5_sp2_285.wav,2,3a1293df5
3aa730d19_sp5_287.wav,5,3aa730d19
3ac6f246a_sp5_288.wav,5,3ac6f246a
3b0e345fc_sp9_289.wav,9,3b0e345fc
3bb222791_sp11_290.wav,11,3bb222791
3c443fa6e_sp8_291.wav,8,3c443fa6e
3c621e663_sp17_293.wav,17,3c621e663
3c621e663_sp17_294.wav,17,3c621e663
3c621e663_sp17_295.wav,17,3c621e663
3ca3a1b6a_sp21_296.wav,21,3ca3a1b6a
3d28b6a6b_sp22_297.wav,22,3d28b6a6b
3d2b1c860_sp21_298.wav,21,3d2b1c860
3dc230571_sp21_299.wav,21,3dc230571
3ebc2aebe_sp15_300.wav,15,3ebc2aebe
3f3c49ad2_sp10_301.wav,10,3f3c49ad2
3f48c15dc_sp10_302.wav,10,3f48c15dc
3f5f4aa9a_sp12_303.wav,12,3f5f4aa9a
3f5fa0d76_sp23_304.wav,23,3f5fa0d76
3f88e7718_sp10_305.wav,10,3f88e7718
3fa666880_sp22_306.wav,22,3fa666880
3fcca1372_sp17_307.wav,17,3fcca1372
3ffaeaa6c_sp15_308.wav,15,3ffaeaa6c
400b7210c_sp17_309.wav,17,400b7210c
400b7210c_sp17_310.wav,17,400b7210c
400b7210c_sp19_311.wav,19,400b7210c
400b7210c_sp17_312.wav,17,400b7210c
408314767_sp20_313.wav,20,408314767
408fcd1dc_sp23_314.wav,23,408fcd1dc
415cf2484_sp7_315.wav,7,415cf2484
41829d963_sp2_316.wav,2,41829d963
41829d963_sp2_317.wav,2,41829d963
41e6d9f63_sp16_319.wav,16,41e6d9f63
420aeb3ea_sp11_320.wav,11,420aeb3ea
422de4e4d_sp21_321.wav,21,422de4e4d
426c11508_sp5_322.wav,5,426c11508
438c12dbc_sp7_327.wav,7,438c12dbc
43d34d63c_sp15_329.wav,15,43d34d63c
43d34d63c_sp2_330.wav,2,43d34d63c
441707582_sp16_331.wav,16,441707582
4482bd512_sp12_333.wav,12,4482bd512
44c8b5c73_sp12_334.wav,12,44c8b5c73
459513f88_sp8_335.wav,8,459513f88
45eabd218_sp23_338.wav,23,45eabd218
4621de448_sp23_339.wav,23,4621de448
4696db75c_sp11_340.wav,11,4696db75c
471bb3a84_sp12_342.wav,12,471bb3a84
471df4911_sp11_343.wav,11,471df4911
473cac467_sp11_344.wav,11,473cac467
477119234_sp6_345.wav,6,477119234
477e497db_sp4_346.wav,4,477e497db
4874059ad_sp21_348.wav,21,4874059ad
48a77f450_sp22_350.wav,22,48a77f450
48ceeeb96_sp23_352.wav,23,48ceeeb96
48fb5143f_sp20_353.wav,20,48fb5143f
48fb5143f_sp20_354.wav,20,48fb5143f
49b80ec61_sp16_355.wav,16,49b80ec61
49fbbb4ca_sp5_356.wav,5,49fbbb4ca
4a0ca83ec_sp9_357.wav,9,4a0ca83ec
4a7fe1b31_sp17_358.wav,17,4a7fe1b31
4afa51495_sp10_359.wav,10,4afa51495
4b3e0b984_sp0_360.wav,0,4b3e0b984
4b406a1bc_sp4_361.wav,4,4b406a1bc
4b4c2901c_sp20_362.wav,20,4b4c2901c
4b7da2fb5_sp7_363.wav,7,4b7da2fb5
4bb31c8c1_sp6_364.wav,6,4bb31c8c1
4bc00de61_sp23_366.wav,23,4bc00de61
4c010ec47_sp5_367.wav,5,4c010ec47
4c840ed89_sp7_368.wav,7,4c840ed89
4c845907b_sp12_369.wav,12,4c845907b
4d54e38a8_sp12_370.wav,12,4d54e38a8
4df50c66e_sp17_371.wav,17,4df50c66e
4e464ff6b_sp6_373.wav,6,4e464ff6b
4e4bc17a7_sp7_374.wav,7,4e4bc17a7
4e5702ed7_sp16_375.wav,16,4e5702ed7
4e90ab2fb_sp4_376.wav,4,4e90ab2fb
4ef096b89_sp23_378.wav,23,4ef096b89
4f600e6f7_sp11_379.wav,11,4f600e6f7
4f6e4f097_sp10_380.wav,10,4f6e4f097
4fb946872_sp6_382.wav,6,4fb946872
50b93a173_sp19_383.wav,19,50b93a173
51319c540_sp10_386.wav,10,51319c540
515861db9_sp12_387.wav,12,515861db9
51cb253b0_sp7_388.wav,7,51cb253b0
51f69a454_sp23_389.wav,23,51f69a454
5281fc845_sp16_391.wav,16,5281fc845
52cec3943_sp13_392.wav,13,52cec3943
534db172e_sp19_395.wav,19,534db172e
534db172e_sp19_396.wav,19,534db172e
53e4f09ab_sp8_397.wav,8,53e4f09ab
5407d8c89_sp8_398.wav,8,5407d8c89
5493f3b1a_sp22_401.wav,22,5493f3b1a
551385b05_sp23_402.wav,23,551385b05
551385b05_sp11_403.wav,11,551385b05
55228e5c5_sp16_404.wav,16,55228e5c5
556cb3c93_sp21_406.wav,21,556cb3c93
557506b62_sp7_407.wav,7,557506b62
55b2b19d1_sp23_408.wav,23,55b2b19d1
55b2b19d1_sp23_409.wav,23,55b2b19d1
55dca9c85_sp23_410.wav,23,55dca9c85
55e48150a_sp11_411.wav,11,55e48150a
5609ef334_sp19_412.wav,19,5609ef334
561ed4362_sp7_415.wav,7,561ed4362
5635d4cbe_sp21_416.wav,21,5635d4cbe
5673135ca_sp23_417.wav,23,5673135ca
568f644e1_sp7_418.wav,7,568f644e1
56e311030_sp8_420.wav,8,56e311030
5723a520c_sp12_422.wav,12,5723a520c
579bcf9e0_sp11_423.wav,11,579bcf9e0
579db058c_sp0_424.wav,0,579db058c
57b4ff4be_sp7_425.wav,7,57b4ff4be
57de62a79_sp23_426.wav,23,57de62a79
5816c1336_sp16_428.wav,16,5816c1336
582d6efec_sp8_430.wav,8,582d6efec
5840c2d77_sp7_431.wav,7,5840c2d77
58b6b8a47_sp21_434.wav,21,58b6b8a47
58b92fcdc_sp5_435.wav,5,58b92fcdc
590163609_sp5_436.wav,5,590163609
596463649_sp9_437.wav,9,596463649
599b19a33_sp15_439.wav,15,599b19a33
59a9eb657_sp23_440.wav,23,59a9eb657
59a9eb657_sp23_441.wav,23,59a9eb657
59ce91d00_sp16_442.wav,16,59ce91d00
59e549ee2_sp5_443.wav,5,59e549ee2
5a2185b19_sp20_444.wav,20,5a2185b19
5a3f09a5c_sp10_445.wav,10,5a3f09a5c
5a55970ad_sp17_446.wav,17,5a55970ad
5a7cc4e44_sp17_447.wav,17,5a7cc4e44
5ac6b1e85_sp6_449.wav,6,5ac6b1e85
5b1e3b55b_sp17_450.wav,17,5b1e3b55b
5b1e3b55b_sp17_451.wav,17,5b1e3b55b
5b219bb1c_sp12_452.wav,12,5b219bb1c
5b5218aba_sp11_453.wav,11,5b5218aba
5b8830884_sp8_455.wav,8,5b8830884
5bf1ac192_sp23_456.wav,23,5bf1ac192
5bfe1dec6_sp17_457.wav,17,5bfe1dec6
5bfe1dec6_sp17_458.wav,17,5bfe1dec6
5bfe1dec6_sp17_459.wav,17,5bfe1dec6
5c57d8095_sp15_461.wav,15,5c57d8095
5cd1a3c29_sp12_463.wav,12,5cd1a3c29
5d606b7a3_sp9_464.wav,9,5d606b7a3
5d61b5cce_sp8_465.wav,8,5d61b5cce
5d7e9091c_sp9_466.wav,9,5d7e9091c
5db2e86fe_sp7_467.wav,7,5db2e86fe
5db2e86fe_sp15_468.wav,15,5db2e86fe
5debe8941_sp19_469.wav,19,5debe8941
5e7e1643e_sp16_470.wav,16,5e7e1643e
5e8c07a8e_sp22_471.wav,22,5e8c07a8e
5e8e5d53b_sp8_472.wav,8,5e8e5d53b
5f51598f1_sp17_473.wav,17,5f51598f1
5f8eecc9e_sp23_474.wav,23,5f8eecc9e
5f8eecc9e_sp9_475.wav,9,5f8eecc9e
5f8eecc9e_sp9_476.wav,9,5f8eecc9e
5f8eecc9e_sp23_477.wav,23,5f8eecc9e
5f9b4785b_sp15_480.wav,15,5f9b4785b
604583528_sp23_481.wav,23,604583528
606f1e495_sp5_482.wav,5,606f1e495
6093f0100_sp15_483.wav,15,6093f0100
60a493ad4_sp6_484.wav,6,60a493ad4
60b260508_sp21_485.wav,21,60b260508
60b260508_sp8_486.wav,8,60b260508
61741251f_sp10_488.wav,10,61741251f
617d4dbbd_sp12_489.wav,12,617d4dbbd
619a7af56_sp15_490.wav,15,619a7af56
61d1f5e59_sp23_491.wav,23,61d1f5e59
629489592_sp12_495.wav,12,629489592
62ff9d03d_sp17_496.wav,17,62ff9d03d
631f97222_sp11_497.wav,11,631f97222
63971df42_sp6_500.wav,6,63971df42
65123f0c1_sp23_505.wav,23,65123f0c1
655ca0adb_sp17_506.wav,17,655ca0adb
65971c0e7_sp16_507.wav,16,65971c0e7
6666e213d_sp4_508.wav,4,6666e213d
670a35128_sp20_509.wav,20,670a35128
6838dc4f9_sp10_512.wav,10,6838dc4f9
68d182a12_sp21_515.wav,21,68d182a12
68f7d8362_sp22_516.wav,22,68f7d8362
690168015_sp6_517.wav,6,690168015
69173294f_sp22_518.wav,22,69173294f
697f7210b_sp8_519.wav,8,697f7210b
69aacafc4_sp20_520.wav,20,69aacafc4
69aacafc4_sp20_521.wav,20,69aacafc4
69c09e886_sp4_522.wav,4,69c09e886
69ea6d76b_sp19_523.wav,19,69ea6d76b
6a0ac2d09_sp23_524.wav,23,6a0ac2d09
6a2b677ce_sp4_525.wav,4,6a2b677ce
6a6af3c63_sp2_526.wav,2,6a6af3c63
6b891f8f2_sp7_529.wav,7,6b891f8f2
6b9e3f7c6_sp21_530.wav,21,6b9e3f7c6
6bf2953a8_sp20_531.wav,20,6bf2953a8
6bf2953a8_sp20_532.wav,20,6bf2953a8
6c032e356_sp23_533.wav,23,6c032e356
6c246167d_sp19_534.wav,19,6c246167d
6c52da176_sp7_536.wav,7,6c52da176
6c660a505_sp19_537.wav,19,6c660a505
6d5f5e052_sp19_538.wav,19,6d5f5e052
6d6ba3db7_sp22_539.wav,22,6d6ba3db7
6d93f853d_sp17_541.wav,17,6d93f853d
6e82ee19a_sp10_542.wav,10,6e82ee19a
6eb03e9ca_sp7_543.wav,7,6eb03e9ca
6f7eec323_sp17_544.wav,17,6f7eec323
706e6f1e8_sp12_545.wav,12,706e6f1e8
7080d05d4_sp23_546.wav,23,7080d05d4
70c289aa5_sp20_547.wav,20,70c289aa5
710177a21_sp15_548.wav,15,710177a21
710537df8_sp16_549.wav,16,710537df8
717780789_sp6_551.wav,6,717780789
71c22a29b_sp8_552.wav,8,71c22a29b
71cf9646b_sp19_553.wav,19,71cf9646b
71cf9646b_sp15_554.wav,15,71cf9646b
71db64300_sp23_555.wav,23,71db64300
7227068d3_sp7_557.wav,7,7227068d3
725c5b6f1_sp8_558.wav,8,725c5b6f1
7277aa5a8_sp17_559.wav,17,7277aa5a8
728459067_sp10_560.wav,10,728459067
728459067_sp10_561.wav,10,728459067
72a9f19b4_sp16_563.wav,16,72a9f19b4
72ccf4de7_sp20_564.wav,20,72ccf4de7
7341161bd_sp17_565.wav,17,7341161bd
737d85472_sp23_566.wav,23,737d85472
738e4dcb5_sp9_567.wav,9,738e4dcb5
73c4d8db8_sp17_568.wav,17,73c4d8db8
7403b8dde_sp4_570.wav,4,7403b8dde
745171bf2_sp6_572.wav,6,745171bf2
7476d961f_sp16_573.wav,16,7476d961f
74a117970_sp20_575.wav,20,74a117970
750e35881_sp4_578.wav,4,750e35881
755d6c7eb_sp17_579.wav,17,755d6c7eb
7583b7c0c_sp17_580.wav,17,7583b7c0c
76b4b3f7f_sp9_582.wav,9,76b4b3f7f
76bcc78f1_sp21_583.wav,21,76bcc78f1
77299bde7_sp8_584.wav,8,77299bde7
77299bde7_sp21_585.wav,21,77299bde7
774912d66_sp23_587.wav,23,774912d66
774912d66_sp23_588.wav,23,774912d66
774d13e9c_sp9_589.wav,9,774d13e9c
7764cbbfd_sp10_590.wav,10,7764cbbfd
778ab401f_sp21_593.wav,21,778ab401f
77a7a66fc_sp10_594.wav,10,77a7a66fc
77cf1b7e3_sp21_595.wav,21,77cf1b7e3
77e82339a_sp7_596.wav,7,77e82339a
77f2b9543_sp6_597.wav,6,77f2b9543
784eb5d7f_sp21_598.wav,21,784eb5d7f
7859fda05_sp23_599.wav,23,7859fda05
7878d8306_sp17_600.wav,17,7878d8306
787c0db92_sp4_601.wav,4,787c0db92
78941c48b_sp17_603.wav,17,78941c48b
78f515b6f_sp7_604.wav,7,78f515b6f
7925510fe_sp4_605.wav,4,7925510fe
796ab9da1_sp15_606.wav,15,796ab9da1
79b28cad5_sp4_607.wav,4,79b28cad5
79f38de91_sp23_608.wav,23,79f38de91
79f7b3873_sp15_609.wav,15,79f7b3873
7a396818c_sp21_610.wav,21,7a396818c
7a49b2465_sp12_611.wav,12,7a49b2465
7a5789516_sp5_612.wav,5,7a5789516
7a9d46229_sp22_613.wav,22,7a9d46229
7a9d46229_sp5_614.wav,5,7a9d46229
7ab084435_sp10_615.wav,10,7ab084435
7ad715d6d_sp19_616.wav,19,7ad715d6d
7b287d190_sp20_618.wav,20,7b287d190
7b79194b3_sp5_620.wav,5,7b79194b3
7c858b1f2_sp20_621.wav,20,7c858b1f2
7caaeb706_sp17_622.wav,17,7caaeb706
7cc6d509a_sp19_623.wav,19,7cc6d509a
7cd8ce712_sp20_624.wav,20,7cd8ce712
7dec0f472_sp10_625.wav,10,7dec0f472
7e0d06929_sp10_626.wav,10,7e0d06929
7f07486d1_sp23_629.wav,23,7f07486d1
7f082c82d_sp8_630.wav,8,7f082c82d
7f5f71e31_sp6_631.wav,6,7f5f71e31
7f6df469c_sp4_632.wav,4,7f6df469c
7f8fab554_sp4_634.wav,4,7f8fab554
7f9246130_sp4_635.wav,4,7f9246130
802907092_sp23_637.wav,23,802907092
804fa03e1_sp15_638.wav,15,804fa03e1
80590e499_sp21_639.wav,21,80590e499
80c09eb56_sp8_642.wav,8,80c09eb56
818a1635a_sp21_643.wav,21,818a1635a
819afd877_sp4_644.wav,4,819afd877
81b493ca3_sp4_645.wav,4,81b493ca3
81bcdeb06_sp20_646.wav,20,81bcdeb06
8253e1640_sp11_647.wav,11,8253e1640
82a813386_sp21_648.wav,21,82a813386
82d59d24d_sp22_649.wav,22,82d59d24d
82ff46226_sp23_650.wav,23,82ff46226
83028db30_sp11_651.wav,11,83028db30
838227e71_sp7_652.wav,7,838227e71
84aed0cf9_sp6_653.wav,6,84aed0cf9
84d2746ce_sp9_654.wav,9,84d2746ce
84fd342f8_sp12_655.wav,12,84fd342f8
8531f27ff_sp7_657.wav,7,8531f27ff
85b891a48_sp7_660.wav,7,85b891a48
85fd75b28_sp12_661.wav,12,85fd75b28
868db1d19_sp23_662.wav,23,868db1d19
871aff1b5_sp5_664.wav,5,871aff1b5
87b64a134_sp19_666.wav,19,87b64a134
87bf9c992_sp19_667.wav,19,87bf9c992
87db70dff_sp10_668.wav,10,87db70dff
87e518677_sp7_669.wav,7,87e518677
880652c2a_sp23_670.wav,23,880652c2a
88b5c9c1b_sp5_672.wav,5,88b5c9c1b
88f783ab9_sp6_673.wav,6,88f783ab9
890abb1e3_sp23_674.wav,23,890abb1e3
891822ace_sp9_675.wav,9,891822ace
896080a53_sp12_676.wav,12,896080a53
89898c3c9_sp8_677.wav,8,89898c3c9
89fe494b6_sp22_678.wav,22,89fe494b6
8a0ee2e2c_sp8_679.wav,8,8a0ee2e2c
8a59b5c31_sp5_680.wav,5,8a59b5c31
8a63ca713_sp4_681.wav,4,8a63ca713
8c20115ce_sp15_687.wav,15,8c20115ce
8c44ed2cf_sp10_688.wav,10,8c44ed2cf
8e0f816f1_sp4_690.wav,4,8e0f816f1
8e2ff1226_sp2_691.wav,2,8e2ff1226
8e56d782f_sp16_692.wav,16,8e56d782f
8eb0e591c_sp10_693.wav,10,8eb0e591c
8ec8b0275_sp11_694.wav,11,8ec8b0275
8ee219910_sp6_695.wav,6,8ee219910
8ef1d1114_sp15_696.wav,15,8ef1d1114
8f0f2528a_sp21_697.wav,21,8f0f2528a
8f3d579c8_sp17_698.wav,17,8f3d579c8
8f8e4f3e2_sp22_700.wav,22,8f8e4f3e2
8f942c9f5_sp6_701.wav,6,8f942c9f5
8fa859d45_sp9_702.wav,9,8fa859d45
8ffe19a69_sp8_703.wav,8,8ffe19a69
908290ae2_sp21_704.wav,21,908290ae2
90a1eac6d_sp21_705.wav,21,90a1eac6d
916eb2a00_sp22_706.wav,22,916eb2a00
918ddce17_sp7_707.wav,7,918ddce17
9251fdbdd_sp16_708.wav,16,9251fdbdd
9251fdbdd_sp16_709.wav,16,9251fdbdd
92588122c_sp17_710.wav,17,92588122c
92ae9bcc2_sp10_712.wav,10,92ae9bcc2
9316428b4_sp6_713.wav,6,9316428b4
935e4c9b0_sp12_714.wav,12,935e4c9b0
9367e95cc_sp15_715.wav,15,9367e95cc
9369b4be6_sp9_716.wav,9,9369b4be6
9425c4b01_sp12_718.wav,12,9425c4b01
942ca05c0_sp16_719.wav,16,942ca05c0
942ca05c0_sp16_720.wav,16,942ca05c0
944edda33_sp2_721.wav,2,944edda33
945c8d7a8_sp5_722.wav,5,945c8d7a8
946390b26_sp10_723.wav,10,946390b26
9496d86bf_sp0_724.wav,0,9496d86bf
956aaf47c_sp23_725.wav,23,956aaf47c
958db1ebe_sp19_726.wav,19,958db1ebe
960572cd4_sp7_727.wav,7,960572cd4
96fc32e3d_sp23_728.wav,23,96fc32e3d
97630c03d_sp0_729.wav,0,97630c03d
983a13114_sp20_730.wav,20,983a13114
986405edb_sp8_731.wav,8,986405edb
988e03248_sp10_732.wav,10,988e03248
996546525_sp23_734.wav,23,996546525
99f72cf18_sp11_735.wav,11,99f72cf18
9a76cab9c_sp17_736.wav,17,9a76cab9c
9a76cab9c_sp17_737.wav,17,9a76cab9c
9a76cab9c_sp17_738.wav,17,9a76cab9c
9a9951303_sp17_739.wav,17,9a9951303
9abdbfc9f_sp12_740.wav,12,9abdbfc9f
9afa17810_sp7_741.wav,7,9afa17810
9b92a698e_sp9_742.wav,9,9b92a698e
9bdc79a14_sp5_743.wav,5,9bdc79a14
9c8947073_sp0_745.wav,0,9c8947073
9c9aa37f5_sp6_746.wav,6,9c9aa37f5
9cb1f4a34_sp17_748.wav,17,9cb1f4a34
9cccd9345_sp2_750.wav,2,9cccd9345
9d1eee84d_sp4_751.wav,4,9d1eee84d
9d293be93_sp12_752.wav,12,9d293be93
9d2bf51ce_sp21_753.wav,21,9d2bf51ce
9d6de44f0_sp7_754.wav,7,9d6de44f0
9dad9aacc_sp23_755.wav,23,9dad9aacc
9df5da644_sp16_756.wav,16,9df5da644
9e242fe66_sp16_757.wav,16,9e242fe66
9e52cf6ad_sp21_758.wav,21,9e52cf6ad
9e5d5b03e_sp17_759.wav,17,9e5d5b03e
9ec0c64c0_sp6_760.wav,6,9ec0c64c0
9f10784cd_sp8_761.wav,8,9f10784cd
9f8ebbfc3_sp15_762.wav,15,9f8ebbfc3
9f8fcb625_sp23_763.wav,23,9f8fcb625
a0af97b46_sp7_766.wav,7,a0af97b46
a1048dac6_sp15_768.wav,15,a1048dac6
a17b9af5d_sp4_769.wav,4,a17b9af5d
a1ef2a84f_sp21_772.wav,21,a1ef2a84f
a2045d15d_sp22_773.wav,22,a2045d15d
a2441a74b_sp17_775.wav,17,a2441a74b
a2441a74b_sp17_776.wav,17,a2441a74b
a277651b1_sp4_777.wav,4,a277651b1
a2a211fa8_sp19_778.wav,19,a2a211fa8
a2b073406_sp23_779.wav,23,a2b073406
a3194950c_sp5_780.wav,5,a3194950c
a38cadf2c_sp10_781.wav,10,a38cadf2c
a3d1e4f37_sp16_782.wav,16,a3d1e4f37
a461f82cd_sp5_784.wav,5,a461f82cd
a4b2f4298_sp8_785.wav,8,a4b2f4298
a5034a8b3_sp4_786.wav,4,a5034a8b3
a5ceef07b_sp4_789.wav,4,a5ceef07b
a5f008080_sp6_791.wav,6,a5f008080
a64b357d4_sp20_792.wav,20,a64b357d4
a6610076b_sp20_793.wav,20,a6610076b
a66546dfd_sp19_794.wav,19,a66546dfd
a66d44311_sp6_795.wav,6,a66d44311
a691e3d90_sp9_796.wav,9,a691e3d90
a6b4dda07_sp21_797.wav,21,a6b4dda07
a7ff51ac4_sp22_800.wav,22,a7ff51ac4
a82f931d1_sp9_801.wav,9,a82f931d1
a8e6d4d75_sp21_802.wav,21,a8e6d4d75
a92850ccd_sp2_804.wav,2,a92850ccd
a9637eb5b_sp23_805.wav,23,a9637eb5b
a9868c3d1_sp21_806.wav,21,a9868c3d1
a993402e2_sp23_807.wav,23,a993402e2
a993402e2_sp23_808.wav,23,a993402e2
aa7d3cfe0_sp10_809.wav,10,aa7d3cfe0
aacebff62_sp9_810.wav,9,aacebff62
ab5e71344_sp19_812.wav,19,ab5e71344
ab900ff48_sp6_813.wav,6,ab900ff48
abbef468c_sp4_814.wav,4,abbef468c
abd8cff8d_sp19_815.wav,19,abd8cff8d
ac7721796_sp6_818.wav,6,ac7721796
acb80ff69_sp16_819.wav,16,acb80ff69
acc030d72_sp20_820.wav,20,acc030d72
acff61b19_sp15_821.wav,15,acff61b19
addfd4f67_sp4_822.wav,4,addfd4f67
ae4a3b1e2_sp12_824.wav,12,ae4a3b1e2
ae4ed2b70_sp22_825.wav,22,ae4ed2b70
ae521f781_sp7_826.wav,7,ae521f781
aebf55c7c_sp22_827.wav,22,aebf55c7c
aecf3d8d2_sp17_828.wav,17,aecf3d8d2
aef347a03_sp22_830.wav,22,aef347a03
af15de055_sp4_833.wav,4,af15de055
af1d7ef13_sp21_834.wav,21,af1d7ef13
af36838f2_sp6_836.wav,6,af36838f2
af6a0d203_sp17_837.wav,17,af6a0d203
afa49cbeb_sp9_838.wav,9,afa49cbeb
afaa8d38f_sp19_839.wav,19,afaa8d38f
b01abd3b2_sp9_840.wav,9,b01abd3b2
b056e5bc2_sp6_841.wav,6,b056e5bc2
b056e5bc2_sp6_842.wav,6,b056e5bc2
b12e80061_sp2_843.wav,2,b12e80061
b1c97f28a_sp5_845.wav,5,b1c97f28a
b297fe7ef_sp7_848.wav,7,b297fe7ef
b2ea74670_sp4_849.wav,4,b2ea74670
b2f3a6df5_sp23_850.wav,23,b2f3a6df5
b3f517843_sp22_851.wav,22,b3f517843
b41ae319b_sp6_853.wav,6,b41ae319b
b441cf212_sp23_854.wav,23,b441cf212
b45319264_sp12_855.wav,12,b45319264
b4a3fb69c_sp17_856.wav,17,b4a3fb69c
b4df5aef8_sp8_857.wav,8,b4df5aef8
b55d2f7b4_sp7_858.wav,7,b55d2f7b4
b55d2f7b4_sp23_859.wav,23,b55d2f7b4
b62292f65_sp21_860.wav,21,b62292f65
b62b5a988_sp2_861.wav,2,b62b5a988
b62b5a988_sp2_862.wav,2,b62b5a988
b65e327ee_sp11_863.wav,11,b65e327ee
b6671af88_sp11_865.wav,11,b6671af88
b68e70116_sp7_866.wav,7,b68e70116
b6b2bb1cd_sp6_867.wav,6,b6b2bb1cd
b6ddaa9b4_sp4_868.wav,4,b6ddaa9b4
b7485fa88_sp6_869.wav,6,b7485fa88
b7485fa88_sp11_870.wav,11,b7485fa88
b7e2ef23f_sp2_873.wav,2,b7e2ef23f
b7fcfb502_sp12_874.wav,12,b7fcfb502
b80bfc8f2_sp17_875.wav,17,b80bfc8f2
b8d1e4865_sp19_877.wav,19,b8d1e4865
b95c42272_sp8_879.wav,8,b95c42272
b988da7d0_sp23_881.wav,23,b988da7d0
b9a6e6ce4_sp5_882.wav,5,b9a6e6ce4
bae8eb497_sp21_885.wav,21,bae8eb497
bb00d418c_sp4_886.wav,4,bb00d418c
bb4fd3041_sp11_887.wav,11,bb4fd3041
bb854bd6e_sp19_888.wav,19,bb854bd6e
bc18e6dba_sp21_892.wav,21,bc18e6dba
bc32d8c84_sp20_893.wav,20,bc32d8c84
bc9dd660e_sp16_894.wav,16,bc9dd660e
bc9dd660e_sp16_895.wav,16,bc9dd660e
bcd686baf_sp7_896.wav,7,bcd686baf
bd62d4fa2_sp23_897.wav,23,bd62d4fa2
bd62d4fa2_sp23_898.wav,23,bd62d4fa2
bd97b0335_sp11_899.wav,11,bd97b0335
bda762977_sp17_900.wav,17,bda762977
bdacd5cd2_sp20_901.wav,20,bdacd5cd2
bdd4aa62c_sp17_903.wav,17,bdd4aa62c
be0356cf5_sp5_904.wav,5,be0356cf5
bea3bcffa_sp8_906.wav,8,bea3bcffa
bf58cd236_sp8_907.wav,8,bf58cd236
bf964d1fa_sp16_910.wav,16,bf964d1fa
bf9f90405_sp2_911.wav,2,bf9f90405
bffdcd085_sp22_913.wav,22,bffdcd085
c12e0a62b_sp9_915.wav,9,c12e0a62b
c12e0a62b_sp17_916.wav,17,c12e0a62b
c12e0a62b_sp17_917.wav,17,c12e0a62b
c12e0a62b_sp17_919.wav,17,c12e0a62b
c2143392b_sp2_924.wav,2,c2143392b
c220f5fec_sp12_925.wav,12,c220f5fec
c245b2295_sp9_926.wav,9,c245b2295
c350c0f9f_sp2_928.wav,2,c350c0f9f
c3ed6269b_sp2_932.wav,2,c3ed6269b
c4a74dcf1_sp2_933.wav,2,c4a74dcf1
c4b778e64_sp11_934.wav,11,c4b778e64
c4ec1e7de_sp12_935.wav,12,c4ec1e7de
c569b8181_sp5_937.wav,5,c569b8181
c5758ce2f_sp11_938.wav,11,c5758ce2f
c5d61be80_sp4_939.wav,4,c5d61be80
c68fb36e7_sp7_940.wav,7,c68fb36e7
c6a2c0e7c_sp22_941.wav,22,c6a2c0e7c
c6e411c90_sp19_942.wav,19,c6e411c90
c72082616_sp5_943.wav,5,c72082616
c72150f3c_sp11_944.wav,11,c72150f3c
c721d69de_sp19_945.wav,19,c721d69de
c75f2655f_sp6_946.wav,6,c75f2655f
c7677947e_sp17_947.wav,17,c7677947e
c7918c0f8_sp22_948.wav,22,c7918c0f8
c867bdc27_sp23_950.wav,23,c867bdc27
c8bed66bb_sp10_952.wav,10,c8bed66bb
c91cae4aa_sp23_953.wav,23,c91cae4aa
c9bd1f599_sp23_957.wav,23,c9bd1f599
c9dd4934b_sp19_958.wav,19,c9dd4934b
c9df2fecf_sp11_959.wav,11,c9df2fecf
ca5018f35_sp11_961.wav,11,ca5018f35
ca99623ca_sp10_962.wav,10,ca99623ca
cb5ddad47_sp17_964.wav,17,cb5ddad47
cb5ddad47_sp17_965.wav,17,cb5ddad47
cb5ddad47_sp17_966.wav,17,cb5ddad47
cbc07e2ec_sp12_967.wav,12,cbc07e2ec
cc7c17269_sp20_970.wav,20,cc7c17269
cc8d81b6a_sp21_971.wav,21,cc8d81b6a
ccd0a0bff_sp12_972.wav,12,ccd0a0bff
ccda58237_sp7_973.wav,7,ccda58237
ccee900dd_sp20_974.wav,20,ccee900dd
ccee900dd_sp20_975.wav,20,ccee900dd
cd1d48eec_sp15_976.wav,15,cd1d48eec
cdbca5fb8_sp22_977.wav,22,cdbca5fb8
cde5fd6be_sp22_978.wav,22,cde5fd6be
ce05b264d_sp7_979.wav,7,ce05b264d
ce8270c7b_sp12_980.wav,12,ce8270c7b
cea56c949_sp5_981.wav,5,cea56c949
cf44264e5_sp20_982.wav,20,cf44264e5
cf568dfc0_sp16_983.wav,16,cf568dfc0
cf739c61d_sp10_985.wav,10,cf739c61d
cf7af9895_sp10_986.wav,10,cf7af9895
cf8fbc4f1_sp5_988.wav,5,cf8fbc4f1
cfa0614e0_sp0_989.wav,0,cfa0614e0
cfdd68da2_sp19_990.wav,19,cfdd68da2
d09dc9dd5_sp23_991.wav,23,d09dc9dd5
d1229a222_sp22_992.wav,22,d1229a222
d1477bf79_sp7_993.wav,7,d1477bf79
d14c92027_sp5_994.wav,5,d14c92027
d15af7840_sp19_995.wav,19,d15af7840
d1607e9b2_sp22_996.wav,22,d1607e9b2
d169ed0b5_sp17_997.wav,17,d169ed0b5
d1debe396_sp6_998.wav,6,d1debe396
d22169f4e_sp11_999.wav,11,d22169f4e
d291fab38_sp17_1000.wav,17,d291fab38
d29f0ca6d_sp4_1001.wav,4,d29f0ca6d
d2cb96229_sp2_1002.wav,2,d2cb96229
d2cb96229_sp2_1003.wav,2,d2cb96229
d3195bece_sp10_1005.wav,10,d3195bece
d32242280_sp23_1006.wav,23,d32242280
d3324f1c0_sp21_1007.wav,21,d3324f1c0
d35473d24_sp11_1008.wav,11,d35473d24
d3713ed31_sp4_1009.wav,4,d3713ed31
d4a03bf19_sp12_1011.wav,12,d4a03bf19
d4bb34753_sp8_1012.wav,8,d4bb34753
d5163b4ef_sp10_1013.wav,10,d5163b4ef
d58429096_sp15_1015.wav,15,d58429096
d58429096_sp7_1016.wav,7,d58429096
d5992de83_sp23_1017.wav,23,d5992de83
d5997789c_sp23_1018.wav,23,d5997789c
d59d099b3_sp17_1019.wav,17,d59d099b3
d59d099b3_sp17_1020.wav,17,d59d099b3
d59d099b3_sp17_1021.wav,17,d59d099b3
d59d099b3_sp17_1022.wav,17,d59d099b3
d60157507_sp20_1024.wav,20,d60157507
d635637b7_sp5_1025.wav,5,d635637b7
d63f467b6_sp15_1027.wav,15,d63f467b6
d6c75de73_sp2_1029.wav,2,d6c75de73
d7a655c45_sp20_1032.wav,20,d7a655c45
d7d49c913_sp5_1034.wav,5,d7d49c913
d80fab44f_sp20_1035.wav,20,d80fab44f
d80fab44f_sp20_1036.wav,20,d80fab44f
d817ed6ad_sp5_1037.wav,5,d817ed6ad
d82d5792e_sp15_1039.wav,15,d82d5792e
d8b7f9ed6_sp23_1041.wav,23,d8b7f9ed6
d91f25ca7_sp23_1042.wav,23,d91f25ca7
d922d82e9_sp12_1043.wav,12,d922d82e9
da0d07110_sp8_1048.wav,8,da0d07110
da708c386_sp12_1050.wav,12,da708c386
da956248e_sp20_1051.wav,20,da956248e
daa57db65_sp2_1052.wav,2,daa57db65
dabddc8ab_sp11_1054.wav,11,dabddc8ab
dac7a83a3_sp10_1056.wav,10,dac7a83a3
dacda707f_sp23_1057.wav,23,dacda707f
db13dd765_sp4_1058.wav,4,db13dd765
db34c4a5d_sp10_1059.wav,10,db34c4a5d
db7d1bf42_sp23_1061.wav,23,db7d1bf42
db86f881b_sp21_1062.wav,21,db86f881b
db9673439_sp20_1063.wav,20,db9673439
dbd243625_sp15_1064.wav,15,dbd243625
dca449f04_sp7_1066.wav,7,dca449f04
dcc4d4531_sp16_1067.wav,16,dcc4d4531
dcf4ecca1_sp6_1068.wav,6,dcf4ecca1
dd37a8e14_sp15_1070.wav,15,dd37a8e14
dd38bef4b_sp23_1071.wav,23,dd38bef4b
dd38bef4b_sp23_1072.wav,23,dd38bef4b
dd46cb7e9_sp21_1073.wav,21,dd46cb7e9
dd9c51f59_sp15_1074.wav,15,dd9c51f59
de3737c21_sp22_1075.wav,22,de3737c21
dee541308_sp9_1077.wav,9,dee541308
dfa6a4a64_sp10_1078.wav,10,dfa6a4a64
dfa80535f_sp10_1079.wav,10,dfa80535f
dffd8ea5f_sp5_1080.wav,5,dffd8ea5f
e00019499_sp20_1081.wav,20,e00019499
e03896110_sp8_1083.wav,8,e03896110
e1582bf8b_sp11_1085.wav,11,e1582bf8b
e1c5ad99b_sp23_1087.wav,23,e1c5ad99b
e1ef18eee_sp6_1088.wav,6,e1ef18eee
e22487d26_sp10_1089.wav,10,e22487d26
e23e84994_sp19_1090.wav,19,e23e84994
e2ce1658e_sp6_1092.wav,6,e2ce1658e
e2de15b96_sp15_1093.wav,15,e2de15b96
e383713d9_sp23_1094.wav,23,e383713d9
e393a4c21_sp23_1095.wav,23,e393a4c21
e42215aa0_sp4_1097.wav,4,e42215aa0
e42215aa0_sp23_1098.wav,23,e42215aa0
e42afc0bd_sp16_1099.wav,16,e42afc0bd
e4e8c501e_sp10_1100.wav,10,e4e8c501e
e5625ee50_sp11_1101.wav,11,e5625ee50
e569702d8_sp12_1102.wav,12,e569702d8
e574b09d3_sp5_1103.wav,5,e574b09d3
e585e1acb_sp5_1104.wav,5,e585e1acb
e65e42310_sp21_1106.wav,21,e65e42310
e6622a3c9_sp4_1107.wav,4,e6622a3c9
e666beee8_sp9_1108.wav,9,e666beee8
e6af91bbf_sp12_1109.wav,12,e6af91bbf
e6de52902_sp16_1110.wav,16,e6de52902
e6de52902_sp16_1111.wav,16,e6de52902
e71d72805_sp19_1112.wav,19,e71d72805
e734a1cde_sp20_1113.wav,20,e734a1cde
e7847849b_sp4_1115.wav,4,e7847849b
e7de0a728_sp5_1118.wav,5,e7de0a728
e7dfc5c5f_sp22_1119.wav,22,e7dfc5c5f
e80890ff7_sp23_1120.wav,23,e80890ff7
e9255d07c_sp22_1122.wav,22,e9255d07c
e9622376a_sp16_1123.wav,16,e9622376a
e9bab320a_sp15_1125.wav,15,e9bab320a
ea133d03e_sp19_1128.wav,19,ea133d03e
ea71a1a7d_sp12_1129.wav,12,ea71a1a7d
ea7aa9e69_sp8_1130.wav,8,ea7aa9e69
ea7da0899_sp7_1131.wav,7,ea7da0899
eaf5cf482_sp8_1134.wav,8,eaf5cf482
eb0cd97da_sp6_1135.wav,6,eb0cd97da
eb3145e54_sp5_1136.wav,5,eb3145e54
ebdd7c181_sp8_1137.wav,8,ebdd7c181
ec1255787_sp4_1138.wav,4,ec1255787
ec1c4a754_sp10_1139.wav,10,ec1c4a754
ec63de3ab_sp5_1142.wav,5,ec63de3ab
ecd47f7cc_sp23_1143.wav,23,ecd47f7cc
ed10a157a_sp23_1144.wav,23,ed10a157a
ed2f84e75_sp23_1146.wav,23,ed2f84e75
ed2f84e75_sp22_1147.wav,22,ed2f84e75
ed2f84e75_sp5_1148.wav,5,ed2f84e75
ed36faac8_sp4_1149.wav,4,ed36faac8
ed38c48b8_sp2_1150.wav,2,ed38c48b8
edf598655_sp6_1152.wav,6,edf598655
ee3dc0bc6_sp17_1153.wav,17,ee3dc0bc6
ee3dc0bc6_sp17_1154.wav,17,ee3dc0bc6
ee3eab224_sp23_1155.wav,23,ee3eab224
eee00469a_sp11_1158.wav,11,eee00469a
ef10f60bf_sp8_1159.wav,8,ef10f60bf
ef3647390_sp12_1160.wav,12,ef3647390
efb6a2e01_sp11_1161.wav,11,efb6a2e01
f152e26e3_sp8_1163.wav,8,f152e26e3
f1aa1c855_sp22_1164.wav,22,f1aa1c855
f1cc7d0a4_sp12_1165.wav,12,f1cc7d0a4
f2493eda1_sp8_1166.wav,8,f2493eda1
f2890653e_sp11_1167.wav,11,f2890653e
f2c52223a_sp4_1168.wav,4,f2c52223a
f2d7b8ed8_sp4_1169.wav,4,f2d7b8ed8
f33a1793f_sp16_1170.wav,16,f33a1793f
f3b84afb1_sp21_1171.wav,21,f3b84afb1
f3cb40395_sp23_1172.wav,23,f3cb40395
f3f82b897_sp19_1173.wav,19,f3f82b897
f3f82b897_sp19_1174.wav,19,f3f82b897
f4d05c0de_sp5_1175.wav,5,f4d05c0de
f51c0da28_sp7_1176.wav,7,f51c0da28
f543f0d31_sp11_1177.wav,11,f543f0d31
f55ce9e53_sp8_1178.wav,8,f55ce9e53
f5889157c_sp16_1179.wav,16,f5889157c
f5c3420f6_sp10_1180.wav,10,f5c3420f6
f6e41b038_sp7_1182.wav,7,f6e41b038
f7466aeeb_sp9_1184.wav,9,f7466aeeb
f7d3b0080_sp10_1185.wav,10,f7d3b0080
f7d92975f_sp23_1186.wav,23,f7d92975f
f84b8c8d3_sp23_1187.wav,23,f84b8c8d3
f851b9605_sp9_1188.wav,9,f851b9605
f87ef432d_sp5_1189.wav,5,f87ef432d
f8c661973_sp16_1190.wav,16,f8c661973
f97ababc1_sp15_1191.wav,15,f97ababc1
f97ababc1_sp15_1192.wav,15,f97ababc1
f9e724b46_sp22_1193.wav,22,f9e724b46
fa0eee1e4_sp8_1194.wav,8,fa0eee1e4
fa9353c0a_sp23_1195.wav,23,fa9353c0a
fb02b0607_sp21_1196.wav,21,fb02b0607
fb5371e7b_sp23_1198.wav,23,fb5371e7b
fba69b00a_sp21_1199.wav,21,fba69b00a
fbb31daeb_sp11_1200.wav,11,fbb31daeb
fbd5bbb6e_sp23_1201.wav,23,fbd5bbb6e
fc47cfba3_sp0_1202.wav,0,fc47cfba3
fc6c3b488_sp21_1204.wav,21,fc6c3b488
fd1970634_sp2_1205.wav,2,fd1970634
fd3f0d49b_sp6_1206.wav,6,fd3f0d49b
fd6a520d8_sp8_1207.wav,8,fd6a520d8
fd7cc65e1_sp5_1208.wav,5,fd7cc65e1
fdda158ed_sp12_1209.wav,12,fdda158ed
fe8ce67c3_sp20_1210.wav,20,fe8ce67c3
fea6b438a_sp4_1212.wav,4,fea6b438a
ffb8d8391_sp5_1214.wav,5,ffb8d8391
